{
  "parent": "minecraft:recipes/root",
  "rewards": {
    "recipes": [
      "renewables:calcite"
    ]
  },
  "criteria": {
    "has_calcite": {
      "trigger": "minecraft:inventory_changed",
      "conditions": {
        "items": [
          {
            "item": "minecraft:calcite"
          }
        ]
      }
    },
    "has_the_recipe": {
      "trigger": "minecraft:recipe_unlocked",
      "conditions": {
        "recipe": "renewables:calcite"
      }
    }
  },
  "requirements": [
    [
      "has_calcite",
      "has_the_recipe"
    ]
  ]
}
